{
  "training": {
    "run_dir": "./runs/exp_bici_auto",
    "final_metrics": {
      "precision": 0.89643,
      "recall": 0.79569,
      "mAP50": 0.85051,
      "mAP50-95": 0.60743
    }
  },
  "validation": {
    "metrics/precision(B)": 0.8967055761198215,
    "metrics/recall(B)": 0.7957704957779743,
    "metrics/mAP50(B)": 0.8443523495288541,
    "metrics/mAP50-95(B)": 0.60660408788485,
    "fitness": 0.6303789140492504,
    "precision": 0.89643,
    "recall": 0.79569,
    "mAP50": 0.85051,
    "mAP50-95": 0.60743
  }
}